,State_Id,District_Id,State,District,Population
0,1,1,JAMMU & KASHMIR,Kupwara,870354
1,1,2,JAMMU & KASHMIR,Badgam,753745
2,1,3,JAMMU & KASHMIR,Leh(Ladakh),133487
3,1,4,JAMMU & KASHMIR,Kargil,140802
4,1,5,JAMMU & KASHMIR,Punch,476835
5,1,6,JAMMU & KASHMIR,Rajouri,642415
6,1,7,JAMMU & KASHMIR,Kathua,616435
7,1,8,JAMMU & KASHMIR,Baramula,1008039
8,1,9,JAMMU & KASHMIR,Bandipore,392232
9,1,10,JAMMU & KASHMIR,Srinagar,1236829
10,1,11,JAMMU & KASHMIR,Ganderbal,297446
11,1,12,JAMMU & KASHMIR,Pulwama,560440
12,1,13,JAMMU & KASHMIR,Shupiyan,266215
13,1,14,JAMMU & KASHMIR,Anantnag,1078692
14,1,15,JAMMU & KASHMIR,Kulgam,424483
15,1,16,JAMMU & KASHMIR,Doda,409936
16,1,17,JAMMU & KASHMIR,Ramban,283713
17,1,18,JAMMU & KASHMIR,Kishtwar,230696
18,1,19,JAMMU & KASHMIR,Udhampur,554985
19,1,20,JAMMU & KASHMIR,Reasi,314667
20,1,21,JAMMU & KASHMIR,Jammu,1529958
21,1,22,JAMMU & KASHMIR,Samba,318898
22,2,23,HIMACHAL PRADESH,Chamba,519080
23,2,24,HIMACHAL PRADESH,Kangra,1510075
24,2,25,HIMACHAL PRADESH,Lahul & Spiti,31564
25,2,26,HIMACHAL PRADESH,Kullu,437903
26,2,27,HIMACHAL PRADESH,Mandi,999777
27,2,28,HIMACHAL PRADESH,Hamirpur,454768
28,2,29,HIMACHAL PRADESH,Una,521173
29,2,30,HIMACHAL PRADESH,Bilaspur,381956
30,2,31,HIMACHAL PRADESH,Solan,580320
31,2,32,HIMACHAL PRADESH,Sirmaur,529855
32,2,33,HIMACHAL PRADESH,Shimla,814010
33,2,34,HIMACHAL PRADESH,Kinnaur,84121
34,3,35,PUNJAB,Gurdaspur,2298323
35,3,36,PUNJAB,Kapurthala ,815168
36,3,37,PUNJAB,Jalandhar,2193590
37,3,38,PUNJAB,Hoshiarpur,1586625
38,3,39,PUNJAB,Shahid Bhagat Singh Nagar ,612310
39,3,40,PUNJAB,Fatehgarh Sahib,600163
40,3,41,PUNJAB,Ludhiana,3498739
41,3,42,PUNJAB,Moga,995746
42,3,43,PUNJAB,Firozpur,2029074
43,3,44,PUNJAB,Muktsar,901896
44,3,45,PUNJAB,Faridkot,617508
45,3,46,PUNJAB,Bathinda,1388525
46,3,47,PUNJAB,Mansa,769751
47,3,48,PUNJAB,Patiala,1895686
48,3,49,PUNJAB,Amritsar ,2490656
49,3,50,PUNJAB,Tarn Taran,1119627
50,3,51,PUNJAB,Rupnagar,684627
51,3,52,PUNJAB,Sahibzada Ajit Singh Nagar,994628
52,3,53,PUNJAB,Sangrur,1655169
53,3,54,PUNJAB,Barnala,595527
54,4,55,CHANDIGARH,Chandigarh,1055450
55,5,56,UTTARAKHAND,Uttarkashi,330086
56,5,57,UTTARAKHAND,Chamoli,391605
57,5,58,UTTARAKHAND,Rudraprayag,242285
58,5,59,UTTARAKHAND,Tehri Garhwal,618931
59,5,60,UTTARAKHAND,Dehradun,1696694
60,5,61,UTTARAKHAND,Garhwal,687271
61,5,62,UTTARAKHAND,Pithoragarh,483439
62,5,63,UTTARAKHAND,Bageshwar,259898
63,5,64,UTTARAKHAND,Almora,622506
64,5,65,UTTARAKHAND,Champawat,259648
65,5,66,UTTARAKHAND,Nainital,954605
66,5,67,UTTARAKHAND,Udham Singh Nagar,1648902
67,5,68,UTTARAKHAND,Hardwar,1890422
68,6,69,HARYANA,Panchkula,561293
69,6,70,HARYANA,Ambala,1128350
70,6,71,HARYANA,Yamunanagar,1214205
71,6,72,HARYANA,Kurukshetra,964655
72,6,73,HARYANA,Kaithal,1074304
73,6,74,HARYANA,Karnal,1505324
74,6,75,HARYANA,Panipat,1205437
75,6,76,HARYANA,Sonipat,1450001
76,6,77,HARYANA,Jind,1334152
77,6,78,HARYANA,Fatehabad,942011
78,6,79,HARYANA,Sirsa,1295189
79,6,80,HARYANA,Hisar,1743931
80,6,81,HARYANA,Bhiwani,1634445
81,6,82,HARYANA,Rohtak,1061204
82,6,83,HARYANA,Jhajjar,958405
83,6,84,HARYANA,Mahendragarh,922088
84,6,85,HARYANA,Rewari,900332
85,6,86,HARYANA,Gurgaon,1514432
86,6,87,HARYANA,Mewat ,1089263
87,6,88,HARYANA,Faridabad,1809733
88,6,89,HARYANA,Palwal ,1042708
89,7,90,NCT OF DELHI,North West,3656539
90,7,91,NCT OF DELHI,North,887978
91,7,92,NCT OF DELHI,North East,2241624
92,7,93,NCT OF DELHI,East,1709346
93,7,94,NCT OF DELHI,New Delhi,142004
94,7,95,NCT OF DELHI,Central,582320
95,7,96,NCT OF DELHI,West,2543243
96,7,97,NCT OF DELHI,South West,2292958
97,7,98,NCT OF DELHI,South,2731929
98,8,99,RAJASTHAN,Ganganagar ,1969168
99,8,100,RAJASTHAN,Hanumangarh,1774692
100,8,101,RAJASTHAN,Bikaner,2363937
101,8,102,RAJASTHAN,Churu,2039547
102,8,103,RAJASTHAN,Jhunjhunun,2137045
103,8,104,RAJASTHAN,Alwar,3674179
104,8,105,RAJASTHAN,Bharatpur,2548462
105,8,106,RAJASTHAN,Dhaulpur,1206516
106,8,107,RAJASTHAN,Karauli,1458248
107,8,108,RAJASTHAN,Sawai Madhopur,1335551
108,8,109,RAJASTHAN,Dausa,1634409
109,8,110,RAJASTHAN,Jaipur,6626178
110,8,111,RAJASTHAN,Sikar,2677333
111,8,112,RAJASTHAN,Nagaur,3307743
112,8,113,RAJASTHAN,Jodhpur,3687165
113,8,114,RAJASTHAN,Jaisalmer,669919
114,8,115,RAJASTHAN,Barmer,2603751
115,8,116,RAJASTHAN,Jalor,1828730
116,8,117,RAJASTHAN,Sirohi,1036346
117,8,118,RAJASTHAN,Pali,2037573
118,8,119,RAJASTHAN,Ajmer,2583052
119,8,120,RAJASTHAN,Tonk,1421326
120,8,121,RAJASTHAN,Bundi,1110906
121,8,122,RAJASTHAN,Bhilwara,2408523
122,8,123,RAJASTHAN,Rajsamand,1156597
123,8,124,RAJASTHAN,Dungarpur,1388552
124,8,125,RAJASTHAN,Banswara,1797485
125,8,126,RAJASTHAN,Chittaurgarh,1544338
126,8,127,RAJASTHAN,Kota,1951014
127,8,128,RAJASTHAN,Baran,1222755
128,8,129,RAJASTHAN,Jhalawar,1411129
129,8,130,RAJASTHAN,Udaipur,3068420
130,8,131,RAJASTHAN,Pratapgarh,867848
131,9,132,UTTAR PRADESH,Saharanpur,3466382
132,9,133,UTTAR PRADESH,Muzaffarnagar,4143512
133,9,134,UTTAR PRADESH,Bijnor,3682713
134,9,135,UTTAR PRADESH,Moradabad,4772006
135,9,136,UTTAR PRADESH,Rampur,2335819
136,9,137,UTTAR PRADESH,Jyotiba Phule Nagar,1840221
137,9,138,UTTAR PRADESH,Meerut,3443689
138,9,139,UTTAR PRADESH,Baghpat,1303048
139,9,140,UTTAR PRADESH,Ghaziabad,4681645
140,9,141,UTTAR PRADESH,Gautam Buddha Nagar,1648115
141,9,142,UTTAR PRADESH,Bulandshahr ,3499171
142,9,143,UTTAR PRADESH,Aligarh,3673889
143,9,144,UTTAR PRADESH,Mahamaya Nagar,1564708
144,9,145,UTTAR PRADESH,Mathura,2547184
145,9,146,UTTAR PRADESH,Agra,4418797
146,9,147,UTTAR PRADESH,Firozabad,2498156
147,9,148,UTTAR PRADESH,Mainpuri,1868529
148,9,149,UTTAR PRADESH,Budaun,3681896
149,9,150,UTTAR PRADESH,Bareilly,4448359
150,9,151,UTTAR PRADESH,Pilibhit,2031007
151,9,152,UTTAR PRADESH,Shahjahanpur,3006538
152,9,153,UTTAR PRADESH,Kheri,4021243
153,9,154,UTTAR PRADESH,Sitapur,4483992
154,9,155,UTTAR PRADESH,Hardoi,4092845
155,9,156,UTTAR PRADESH,Unnao,3108367
156,9,157,UTTAR PRADESH,Lucknow,4589838
157,9,158,UTTAR PRADESH,Rae Bareli,3405559
158,9,159,UTTAR PRADESH,Farrukhabad,1885204
159,9,160,UTTAR PRADESH,Kannauj,1656616
160,9,161,UTTAR PRADESH,Etawah,1581810
161,9,162,UTTAR PRADESH,Auraiya,1379545
162,9,163,UTTAR PRADESH,Kanpur Dehat,1796184
163,9,164,UTTAR PRADESH,Kanpur Nagar,4581268
164,9,165,UTTAR PRADESH,Jalaun ,1689974
165,9,166,UTTAR PRADESH,Jhansi,1998603
166,9,167,UTTAR PRADESH,Lalitpur,1221592
167,9,168,UTTAR PRADESH,Hamirpur,1104285
168,9,169,UTTAR PRADESH,Mahoba,875958
169,9,170,UTTAR PRADESH,Banda,1799410
170,9,171,UTTAR PRADESH,Chitrakoot,991730
171,9,172,UTTAR PRADESH,Fatehpur,2632733
172,9,173,UTTAR PRADESH,Pratapgarh,3209141
173,9,174,UTTAR PRADESH,Kaushambi,1599596
174,9,175,UTTAR PRADESH,Allahabad ,5954391
175,9,176,UTTAR PRADESH,Bara Banki,3260699
176,9,177,UTTAR PRADESH,Faizabad,2470996
177,9,178,UTTAR PRADESH,Ambedkar Nagar,2397888
178,9,179,UTTAR PRADESH,Sultanpur,3797117
179,9,180,UTTAR PRADESH,Bahraich,3487731
180,9,181,UTTAR PRADESH,Shrawasti,1117361
181,9,182,UTTAR PRADESH,Balrampur,2148665
182,9,183,UTTAR PRADESH,Gonda,3433919
183,9,184,UTTAR PRADESH,Siddharthnagar,2559297
184,9,185,UTTAR PRADESH,Basti,2464464
185,9,186,UTTAR PRADESH,Sant Kabir Nagar,1715183
186,9,187,UTTAR PRADESH,Mahrajganj,2684703
187,9,188,UTTAR PRADESH,Gorakhpur,4440895
188,9,189,UTTAR PRADESH,Kushinagar,3564544
189,9,190,UTTAR PRADESH,Deoria,3100946
190,9,191,UTTAR PRADESH,Azamgarh,4613913
191,9,192,UTTAR PRADESH,Mau,2205968
192,9,193,UTTAR PRADESH,Ballia,3239774
193,9,194,UTTAR PRADESH,Jaunpur,4494204
194,9,195,UTTAR PRADESH,Ghazipur,3620268
195,9,196,UTTAR PRADESH,Chandauli,1952756
196,9,197,UTTAR PRADESH,Varanasi,3676841
197,9,198,UTTAR PRADESH,Sant Ravidas Nagar (Bhadohi),1578213
198,9,199,UTTAR PRADESH,Mirzapur,2496970
199,9,200,UTTAR PRADESH,Sonbhadra,1862559
200,9,201,UTTAR PRADESH,Etah,1774480
201,9,202,UTTAR PRADESH,Kanshiram Nagar,1436719
202,10,203,BIHAR,Pashchim Champaran,3935042
203,10,204,BIHAR,Purba Champaran,5099371
204,10,205,BIHAR,Sheohar,656246
205,10,206,BIHAR,Sitamarhi,3423574
206,10,207,BIHAR,Madhubani,4487379
207,10,208,BIHAR,Supaul,2229076
208,10,209,BIHAR,Araria,2811569
209,10,210,BIHAR,Kishanganj,1690400
210,10,211,BIHAR,Purnia,3264619
211,10,212,BIHAR,Katihar,3071029
212,10,213,BIHAR,Madhepura,2001762
213,10,214,BIHAR,Saharsa,1900661
214,10,215,BIHAR,Darbhanga,3937385
215,10,216,BIHAR,Muzaffarpur,4801062
216,10,217,BIHAR,Gopalganj,2562012
217,10,218,BIHAR,Siwan,3330464
218,10,219,BIHAR,Saran,3951862
219,10,220,BIHAR,Vaishali,3495021
220,10,221,BIHAR,Samastipur,4261566
221,10,222,BIHAR,Begusarai,2970541
222,10,223,BIHAR,Khagaria,1666886
223,10,224,BIHAR,Bhagalpur,3037766
224,10,225,BIHAR,Banka,2034763
225,10,226,BIHAR,Munger,1367765
226,10,227,BIHAR,Lakhisarai,1000912
227,10,228,BIHAR,Sheikhpura,636342
228,10,229,BIHAR,Nalanda,2877653
229,10,230,BIHAR,Patna,5838465
230,10,231,BIHAR,Bhojpur,2728407
231,10,232,BIHAR,Buxar,1706352
232,10,233,BIHAR,Kaimur (Bhabua),1626384
233,10,234,BIHAR,Rohtas,2959918
234,10,235,BIHAR,Aurangabad,2540073
235,10,236,BIHAR,Gaya,4391418
236,10,237,BIHAR,Nawada,2219146
237,10,238,BIHAR,Jamui,1760405
238,10,239,BIHAR,Jehanabad ,1125313
239,10,240,BIHAR,Arwal,700843
240,11,241,SIKKIM,North  District,43709
241,11,242,SIKKIM,West District,136435
242,11,243,SIKKIM,South District,146850
243,11,244,SIKKIM,East District,283583
244,12,245,ARUNACHAL PRADESH,Tawang,49977
245,12,246,ARUNACHAL PRADESH,West Kameng,83947
246,12,247,ARUNACHAL PRADESH,East Kameng,78690
247,12,248,ARUNACHAL PRADESH,Papum Pare,176573
248,12,249,ARUNACHAL PRADESH,Upper Subansiri,83448
249,12,250,ARUNACHAL PRADESH,West Siang,112274
250,12,251,ARUNACHAL PRADESH,East Siang,99214
251,12,252,ARUNACHAL PRADESH,Upper Siang,35320
252,12,253,ARUNACHAL PRADESH,Changlang,148226
253,12,254,ARUNACHAL PRADESH,Tirap,111975
254,12,255,ARUNACHAL PRADESH,Lower Subansiri,83030
255,12,256,ARUNACHAL PRADESH,Kurung Kumey,92076
256,12,257,ARUNACHAL PRADESH,Dibang Valley,8004
257,12,258,ARUNACHAL PRADESH,Lower Dibang Valley,54080
258,12,259,ARUNACHAL PRADESH,Lohit,145726
259,12,260,ARUNACHAL PRADESH,Anjaw,21167
260,13,261,NAGALAND,Mon,250260
261,13,262,NAGALAND,Mokokchung,194622
262,13,263,NAGALAND,Zunheboto,140757
263,13,264,NAGALAND,Wokha,166343
264,13,265,NAGALAND,Dimapur ,378811
265,13,266,NAGALAND,Phek,163418
266,13,267,NAGALAND,Tuensang,196596
267,13,268,NAGALAND,Longleng,50484
268,13,269,NAGALAND,Kiphire,74004
269,13,270,NAGALAND,Kohima,267988
270,13,271,NAGALAND,Peren,95219
271,14,272,MANIPUR,Senapati,479148
272,14,273,MANIPUR,Tamenglong ,140651
273,14,274,MANIPUR,Churachandpur,274143
274,14,275,MANIPUR,Bishnupur,237399
275,14,276,MANIPUR,Thoubal,422168
276,14,277,MANIPUR,Imphal West,517992
277,14,278,MANIPUR,Imphal East,456113
278,14,279,MANIPUR,Ukhrul,183998
279,14,280,MANIPUR,Chandel,144182
280,15,281,MIZORAM,Mamit,86364
281,15,282,MIZORAM,Kolasib,83955
282,15,283,MIZORAM,Aizawl,400309
283,15,284,MIZORAM,Champhai,125745
284,15,285,MIZORAM,Serchhip,64937
285,15,286,MIZORAM,Lunglei,161428
286,15,287,MIZORAM,Lawngtlai,117894
287,15,288,MIZORAM,Saiha,56574
288,16,289,TRIPURA,West Tripura ,1725739
289,16,290,TRIPURA,South Tripura ,876001
290,16,291,TRIPURA,Dhalai,378230
291,16,292,TRIPURA,North Tripura,693947
292,17,293,MEGHALAYA,West Garo Hills,643291
293,17,294,MEGHALAYA,East Garo Hills,317917
294,17,295,MEGHALAYA,South Garo Hills,142334
295,17,296,MEGHALAYA,West Khasi Hills,383461
296,17,297,MEGHALAYA,Ribhoi,258840
297,17,298,MEGHALAYA,East Khasi Hills,825922
298,17,299,MEGHALAYA,Jaintia Hills,395124
299,18,300,ASSAM,Kokrajhar,887142
300,18,301,ASSAM,Dhubri,1949258
301,18,302,ASSAM,Goalpara,1008183
302,18,303,ASSAM,Barpeta,1693622
303,18,304,ASSAM,Morigaon,957423
304,18,305,ASSAM,Nagaon,2823768
305,18,306,ASSAM,Sonitpur,1924110
306,18,307,ASSAM,Lakhimpur,1042137
307,18,308,ASSAM,Dhemaji,686133
308,18,309,ASSAM,Tinsukia,1327929
309,18,310,ASSAM,Dibrugarh,1326335
310,18,311,ASSAM,Sivasagar,1151050
311,18,312,ASSAM,Jorhat,1092256
312,18,313,ASSAM,Golaghat,1066888
313,18,314,ASSAM,Karbi Anglong,956313
314,18,315,ASSAM,Dima Hasao,214102
315,18,316,ASSAM,Cachar,1736617
316,18,317,ASSAM,Karimganj,1228686
317,18,318,ASSAM,Hailakandi,659296
318,18,319,ASSAM,Bongaigaon,738804
319,18,320,ASSAM,Chirang,482162
320,18,321,ASSAM,Kamrup,1517542
321,18,322,ASSAM,Kamrup Metropolitan,1253938
322,18,323,ASSAM,Nalbari,771639
323,18,324,ASSAM,Baksa,950075
324,18,325,ASSAM,Darrang,928500
325,18,326,ASSAM,Udalguri,831668
326,19,327,WEST BENGAL,Darjiling ,1846823
327,19,328,WEST BENGAL,Jalpaiguri ,3872846
328,19,329,WEST BENGAL,Koch Bihar ,2819086
329,19,330,WEST BENGAL,Uttar Dinajpur,3007134
330,19,331,WEST BENGAL,Dakshin Dinajpur,1676276
331,19,332,WEST BENGAL,Maldah ,3988845
332,19,333,WEST BENGAL,Murshidabad ,7103807
333,19,334,WEST BENGAL,Birbhum,3502404
334,19,335,WEST BENGAL,Barddhaman ,7717563
335,19,336,WEST BENGAL,Nadia ,5167600
336,19,337,WEST BENGAL,North Twenty Four Parganas,10009781
337,19,338,WEST BENGAL,Hugli ,5519145
338,19,339,WEST BENGAL,Bankura ,3596674
339,19,340,WEST BENGAL,Puruliya,2930115
340,19,341,WEST BENGAL,Haora ,4850029
341,19,342,WEST BENGAL,Kolkata,4496694
342,19,343,WEST BENGAL,South Twenty Four Parganas,8161961
343,19,344,WEST BENGAL,Paschim Medinipur,5913457
344,19,345,WEST BENGAL,Purba Medinipur,5095875
345,20,346,JHARKHAND,Garhwa ,1322784
346,20,347,JHARKHAND,Chatra,1042886
347,20,348,JHARKHAND,Kodarma,716259
348,20,349,JHARKHAND,Giridih,2445474
349,20,350,JHARKHAND,Deoghar,1492073
350,20,351,JHARKHAND,Godda,1313551
351,20,352,JHARKHAND,Sahibganj,1150567
352,20,353,JHARKHAND,Pakur,900422
353,20,354,JHARKHAND,Dhanbad,2684487
354,20,355,JHARKHAND,Bokaro,2062330
355,20,356,JHARKHAND,Lohardaga,461790
356,20,357,JHARKHAND,Purbi Singhbhum,2293919
357,20,358,JHARKHAND,Palamu,1939869
358,20,359,JHARKHAND,Latehar,726978
359,20,360,JHARKHAND,Hazaribagh,1734495
360,20,361,JHARKHAND,Ramgarh,949443
361,20,362,JHARKHAND,Dumka,1321442
362,20,363,JHARKHAND,Jamtara,791042
363,20,364,JHARKHAND,Ranchi,2914253
364,20,365,JHARKHAND,Khunti,531885
365,20,366,JHARKHAND,Gumla,1025213
366,20,367,JHARKHAND,Simdega,599578
367,20,368,JHARKHAND,Pashchimi Singhbhum,1502338
368,20,369,JHARKHAND,Saraikela-Kharsawan,1065056
369,21,370,ODISHA,Bargarh,1481255
370,21,371,ODISHA,Jharsuguda,579505
371,21,372,ODISHA,Sambalpur,1041099
372,21,373,ODISHA,Debagarh,312520
373,21,374,ODISHA,Sundargarh,2093437
374,21,375,ODISHA,Kendujhar,1801733
375,21,376,ODISHA,Mayurbhanj,2519738
376,21,377,ODISHA,Baleshwar,2320529
377,21,378,ODISHA,Bhadrak,1506337
378,21,379,ODISHA,Kendrapara ,1440361
379,21,380,ODISHA,Jagatsinghapur ,1136971
380,21,381,ODISHA,Cuttack,2624470
381,21,382,ODISHA,Jajapur  ,1827192
382,21,383,ODISHA,Dhenkanal,1192811
383,21,384,ODISHA,Anugul  ,1273821
384,21,385,ODISHA,Nayagarh  ,962789
385,21,386,ODISHA,Khordha ,2251673
386,21,387,ODISHA,Puri,1698730
387,21,388,ODISHA,Ganjam,3529031
388,21,389,ODISHA,Gajapati,577817
389,21,390,ODISHA,Kandhamal,733110
390,21,391,ODISHA,Baudh,441162
391,21,392,ODISHA,Subarnapur,610183
392,21,393,ODISHA,Balangir,1648997
393,21,394,ODISHA,Nuapada,610382
394,21,395,ODISHA,Kalahandi,1576869
395,21,396,ODISHA,Rayagada  ,967911
396,21,397,ODISHA,Nabarangapur ,1220946
397,21,398,ODISHA,Koraput,1379647
398,21,399,ODISHA,Malkangiri  ,613192
399,22,400,CHHATTISGARH,Koriya,658917
400,22,401,CHHATTISGARH,Surguja,2359886
401,22,402,CHHATTISGARH,Jashpur ,851669
402,22,403,CHHATTISGARH,Raigarh,1493984
403,22,404,CHHATTISGARH,Korba ,1206640
404,22,405,CHHATTISGARH,Janjgir - Champa,1619707
405,22,406,CHHATTISGARH,Bilaspur,2663629
406,22,407,CHHATTISGARH,Kabeerdham,822526
407,22,408,CHHATTISGARH,Rajnandgaon,1537133
408,22,409,CHHATTISGARH,Durg,3343872
409,22,410,CHHATTISGARH,Raipur,4063872
410,22,411,CHHATTISGARH,Mahasamund,1032754
411,22,412,CHHATTISGARH,Dhamtari ,799781
412,22,413,CHHATTISGARH,Uttar Bastar Kanker,748941
413,22,414,CHHATTISGARH,Bastar,1413199
414,22,415,CHHATTISGARH,Narayanpur,139820
415,22,416,CHHATTISGARH,Dakshin Bastar Dantewada,533638
416,22,417,CHHATTISGARH,Bijapur,255230
417,23,418,MADHYA PRADESH,Sheopur ,687861
418,23,419,MADHYA PRADESH,Morena,1965970
419,23,420,MADHYA PRADESH,Bhind,1703005
420,23,421,MADHYA PRADESH,Gwalior,2032036
421,23,422,MADHYA PRADESH,Datia,786754
422,23,423,MADHYA PRADESH,Shivpuri,1726050
423,23,424,MADHYA PRADESH,Tikamgarh,1445166
424,23,425,MADHYA PRADESH,Chhatarpur,1762375
425,23,426,MADHYA PRADESH,Panna,1016520
426,23,427,MADHYA PRADESH,Sagar,2378458
427,23,428,MADHYA PRADESH,Damoh,1264219
428,23,429,MADHYA PRADESH,Satna,2228935
429,23,430,MADHYA PRADESH,Rewa,2365106
430,23,431,MADHYA PRADESH,Umaria,644758
431,23,432,MADHYA PRADESH,Neemuch ,826067
432,23,433,MADHYA PRADESH,Mandsaur,1340411
433,23,434,MADHYA PRADESH,Ratlam,1455069
434,23,435,MADHYA PRADESH,Ujjain,1986864
435,23,436,MADHYA PRADESH,Shajapur,1512681
436,23,437,MADHYA PRADESH,Dewas,1563715
437,23,438,MADHYA PRADESH,Dhar,2185793
438,23,439,MADHYA PRADESH,Indore,3276697
439,23,440,MADHYA PRADESH,Khargone (West Nimar),1873046
440,23,441,MADHYA PRADESH,Barwani ,1385881
441,23,442,MADHYA PRADESH,Rajgarh,1545814
442,23,443,MADHYA PRADESH,Vidisha,1458875
443,23,444,MADHYA PRADESH,Bhopal,2371061
444,23,445,MADHYA PRADESH,Sehore,1311332
445,23,446,MADHYA PRADESH,Raisen,1331597
446,23,447,MADHYA PRADESH,Betul,1575362
447,23,448,MADHYA PRADESH,Harda ,570465
448,23,449,MADHYA PRADESH,Hoshangabad,1241350
449,23,450,MADHYA PRADESH,Katni ,1292042
450,23,451,MADHYA PRADESH,Jabalpur,2463289
451,23,452,MADHYA PRADESH,Narsimhapur,1091854
452,23,453,MADHYA PRADESH,Dindori ,704524
453,23,454,MADHYA PRADESH,Mandla,1054905
454,23,455,MADHYA PRADESH,Chhindwara,2090922
455,23,456,MADHYA PRADESH,Seoni,1379131
456,23,457,MADHYA PRADESH,Balaghat,1701698
457,23,458,MADHYA PRADESH,Guna,1241519
458,23,459,MADHYA PRADESH,Ashoknagar,845071
459,23,460,MADHYA PRADESH,Shahdol,1066063
460,23,461,MADHYA PRADESH,Anuppur,749237
461,23,462,MADHYA PRADESH,Sidhi,1127033
462,23,463,MADHYA PRADESH,Singrauli,1178273
463,23,464,MADHYA PRADESH,Jhabua,1025048
464,23,465,MADHYA PRADESH,Alirajpur,728999
465,23,466,MADHYA PRADESH,Khandwa (East Nimar),1310061
466,23,467,MADHYA PRADESH,Burhanpur,757847
467,24,468,GUJARAT,Kachchh,2092371
468,24,469,GUJARAT,Banas Kantha,3120506
469,24,470,GUJARAT,Patan  ,1343734
470,24,471,GUJARAT,Mahesana,2035064
471,24,472,GUJARAT,Sabar Kantha,2428589
472,24,473,GUJARAT,Gandhinagar,1391753
473,24,474,GUJARAT,Ahmadabad,7214225
474,24,475,GUJARAT,Surendranagar,1756268
475,24,476,GUJARAT,Rajkot,3804558
476,24,477,GUJARAT,Jamnagar,2160119
477,24,478,GUJARAT,Porbandar ,585449
478,24,479,GUJARAT,Junagadh,2743082
479,24,480,GUJARAT,Amreli,1514190
480,24,481,GUJARAT,Bhavnagar,2880365
481,24,482,GUJARAT,Anand  ,2092745
482,24,483,GUJARAT,Kheda,2299885
483,24,484,GUJARAT,Panch Mahals,2390776
484,24,485,GUJARAT,Dohad  ,2127086
485,24,486,GUJARAT,Vadodara,4165626
486,24,487,GUJARAT,Narmada,590297
487,24,488,GUJARAT,Bharuch,1551019
488,24,489,GUJARAT,The Dangs,228291
489,24,490,GUJARAT,Navsari  ,1329672
490,24,491,GUJARAT,Valsad,1705678
491,24,492,GUJARAT,Surat,6081322
492,24,493,GUJARAT,Tapi,807022
493,25,494,DAMAN & DIU,Diu,52074
494,25,495,DAMAN & DIU,Daman,191173
495,26,496,DADRA & NAGAR HAVELI,Dadra & Nagar Haveli,343709
496,27,497,MAHARASHTRA,Nandurbar,1648295
497,27,498,MAHARASHTRA,Dhule,2050862
498,27,499,MAHARASHTRA,Jalgaon,4229917
499,27,500,MAHARASHTRA,Buldana,2586258
500,27,501,MAHARASHTRA,Akola,1813906
501,27,502,MAHARASHTRA,Washim,1197160
502,27,503,MAHARASHTRA,Amravati,2888445
503,27,504,MAHARASHTRA,Wardha,1300774
504,27,505,MAHARASHTRA,Nagpur,4653570
505,27,506,MAHARASHTRA,Bhandara,1200334
506,27,507,MAHARASHTRA,Gondiya,1322507
507,27,508,MAHARASHTRA,Gadchiroli,1072942
508,27,509,MAHARASHTRA,Chandrapur,2204307
509,27,510,MAHARASHTRA,Yavatmal,2772348
510,27,511,MAHARASHTRA,Nanded,3361292
511,27,512,MAHARASHTRA,Hingoli,1177345
512,27,513,MAHARASHTRA,Parbhani,1836086
513,27,514,MAHARASHTRA,Jalna,1959046
514,27,515,MAHARASHTRA,Aurangabad,3701282
515,27,516,MAHARASHTRA,Nashik,6107187
516,27,517,MAHARASHTRA,Thane,11060148
517,27,518,MAHARASHTRA,Mumbai Suburban,9356962
518,27,519,MAHARASHTRA,Mumbai,3085411
519,27,520,MAHARASHTRA,Raigarh,2634200
520,27,521,MAHARASHTRA,Pune,9429408
521,27,522,MAHARASHTRA,Ahmadnagar,4543159
522,27,523,MAHARASHTRA,Bid,2585049
523,27,524,MAHARASHTRA,Latur,2454196
524,27,525,MAHARASHTRA,Osmanabad,1657576
525,27,526,MAHARASHTRA,Solapur,4317756
526,27,527,MAHARASHTRA,Satara,3003741
527,27,528,MAHARASHTRA,Ratnagiri,1615069
528,27,529,MAHARASHTRA,Sindhudurg,849651
529,27,530,MAHARASHTRA,Kolhapur,3876001
530,27,531,MAHARASHTRA,Sangli,2822143
531,28,532,ANDHRA PRADESH,Adilabad,2741239
532,28,533,ANDHRA PRADESH,Nizamabad,2551335
533,28,534,ANDHRA PRADESH,Karimnagar,3776269
534,28,535,ANDHRA PRADESH,Medak,3033288
535,28,536,ANDHRA PRADESH,Hyderabad,3943323
536,28,537,ANDHRA PRADESH,Rangareddy,5296741
537,28,538,ANDHRA PRADESH,Mahbubnagar,4053028
538,28,539,ANDHRA PRADESH,Nalgonda,3488809
539,28,540,ANDHRA PRADESH,Warangal,3512576
540,28,541,ANDHRA PRADESH,Khammam,2797370
541,28,542,ANDHRA PRADESH,Srikakulam,2703114
542,28,543,ANDHRA PRADESH,Vizianagaram,2344474
543,28,544,ANDHRA PRADESH,Visakhapatnam,4290589
544,28,545,ANDHRA PRADESH,East Godavari,5154296
545,28,546,ANDHRA PRADESH,West Godavari,3936966
546,28,547,ANDHRA PRADESH,Krishna,4517398
547,28,548,ANDHRA PRADESH,Guntur,4887813
548,28,549,ANDHRA PRADESH,Prakasam,3397448
549,28,550,ANDHRA PRADESH,Sri Potti Sriramulu Nellore,2963557
550,28,551,ANDHRA PRADESH,Y.S.R.,2882469
551,28,552,ANDHRA PRADESH,Kurnool,4053463
552,28,553,ANDHRA PRADESH,Anantapur,4081148
553,28,554,ANDHRA PRADESH,Chittoor,4174064
554,29,555,KARNATAKA,Belgaum,4779661
555,29,556,KARNATAKA,Bagalkot ,1889752
556,29,557,KARNATAKA,Bijapur,2177331
557,29,558,KARNATAKA,Bidar,1703300
558,29,559,KARNATAKA,Raichur,1928812
559,29,560,KARNATAKA,Koppal,1389920
560,29,561,KARNATAKA,Gadag,1064570
561,29,562,KARNATAKA,Dharwad,1847023
562,29,563,KARNATAKA,Uttara Kannada,1437169
563,29,564,KARNATAKA,Haveri,1597668
564,29,565,KARNATAKA,Bellary,2452595
565,29,566,KARNATAKA,Chitradurga,1659456
566,29,567,KARNATAKA,Davanagere,1945497
567,29,568,KARNATAKA,Shimoga,1752753
568,29,569,KARNATAKA,Udupi,1177361
569,29,570,KARNATAKA,Chikmagalur,1137961
570,29,571,KARNATAKA,Tumkur,2678980
571,29,572,KARNATAKA,Bangalore,9621551
572,29,573,KARNATAKA,Mandya,1805769
573,29,574,KARNATAKA,Hassan,1776421
574,29,575,KARNATAKA,Dakshina Kannada,2089649
575,29,576,KARNATAKA,Kodagu,554519
576,29,577,KARNATAKA,Mysore,3001127
577,29,578,KARNATAKA,Chamarajanagar,1020791
578,29,579,KARNATAKA,Gulbarga,2566326
579,29,580,KARNATAKA,Yadgir,1174271
580,29,581,KARNATAKA,Kolar,1536401
581,29,582,KARNATAKA,Chikkaballapura,1255104
582,29,583,KARNATAKA,Bangalore Rural,990923
583,29,584,KARNATAKA,Ramanagara,1082636
584,30,585,GOA,North Goa,818008
585,30,586,GOA,South Goa,640537
586,31,587,LAKSHADWEEP,Lakshadweep,64473
587,32,588,KERALA,Kasaragod,1307375
588,32,589,KERALA,Kannur,2523003
589,32,590,KERALA,Wayanad,817420
590,32,591,KERALA,Kozhikode,3086293
591,32,592,KERALA,Malappuram,4112920
592,32,593,KERALA,Palakkad,2809934
593,32,594,KERALA,Thrissur,3121200
594,32,595,KERALA,Ernakulam,3282388
595,32,596,KERALA,Idukki ,1108974
596,32,597,KERALA,Kottayam,1974551
597,32,598,KERALA,Alappuzha,2127789
598,32,599,KERALA,Pathanamthitta,1197412
599,32,600,KERALA,Kollam,2635375
600,32,601,KERALA,Thiruvananthapuram,3301427
601,33,602,TAMIL NADU,Thiruvallur,3728104
602,33,603,TAMIL NADU,Chennai,4646732
603,33,604,TAMIL NADU,Kancheepuram,3998252
604,33,605,TAMIL NADU,Vellore,3936331
605,33,606,TAMIL NADU,Tiruvannamalai,2464875
606,33,607,TAMIL NADU,Viluppuram,3458873
607,33,608,TAMIL NADU,Salem,3482056
608,33,609,TAMIL NADU,Namakkal   ,1726601
609,33,610,TAMIL NADU,Erode,2251744
610,33,611,TAMIL NADU,The Nilgiris,735394
611,33,612,TAMIL NADU,Dindigul,2159775
612,33,613,TAMIL NADU,Karur ,1064493
613,33,614,TAMIL NADU,Tiruchirappalli,2722290
614,33,615,TAMIL NADU,Perambalur  ,565223
615,33,616,TAMIL NADU,Ariyalur  ,754894
616,33,617,TAMIL NADU,Cuddalore,2605914
617,33,618,TAMIL NADU,Nagapattinam  ,1616450
618,33,619,TAMIL NADU,Thiruvarur,1264277
619,33,620,TAMIL NADU,Thanjavur,2405890
620,33,621,TAMIL NADU,Pudukkottai,1618345
621,33,622,TAMIL NADU,Sivaganga,1339101
622,33,623,TAMIL NADU,Madurai,3038252
623,33,624,TAMIL NADU,Theni  ,1245899
624,33,625,TAMIL NADU,Virudhunagar,1942288
625,33,626,TAMIL NADU,Ramanathapuram,1353445
626,33,627,TAMIL NADU,Thoothukkudi,1750176
627,33,628,TAMIL NADU,Tirunelveli ,3077233
628,33,629,TAMIL NADU,Kanniyakumari,1870374
629,33,630,TAMIL NADU,Dharmapuri,1506843
630,33,631,TAMIL NADU,Krishnagiri,1879809
631,33,632,TAMIL NADU,Coimbatore,3458045
632,33,633,TAMIL NADU,Tiruppur,2479052
633,34,634,PUDUCHERRY,Yanam,55626
634,34,635,PUDUCHERRY,Puducherry,950289
635,34,636,PUDUCHERRY,Mahe,41816
636,34,637,PUDUCHERRY,Karaikal,200222
637,35,638,ANDAMAN & NICOBAR ISLANDS,Nicobars,36842
638,35,639,ANDAMAN & NICOBAR ISLANDS,North  & Middle Andaman,105597
639,35,640,ANDAMAN & NICOBAR ISLANDS,South Andaman,238142
